,Пол,День,Месяц,Год,Город,email,dob
14,Женский,24,10,1974,Волгоград,hdg.24@gmail.com,24 10 1974
16,Женский,24,10,1983,Пермь,pok.24@gmail.com,24 10 1983
18,Мужской,24,10,2000,Пермь,pok.24@gmail.com,24 10 2000
19,Мужской,24,10,1995,Красноярск,jg.vf.24@gmail.com,24 10 1995
20,Женский,24,10,1968,Пермь,fjkhdr.24@gmail.com,24 10 1968
21,Мужской,24,10,1994,Пермь,fjkhdr.24@gmail.com,24 10 1994
22,Мужской,24,10,1984,Сочи,hfgdk/urb.24@gmail.com,24 10 1984
23,Женский,24,10,1995,Москва,gthd.24@gmail.com,24 10 1995
24,Мужской,24,10,1994,Севастополь,qu.24@gmail.com,24 10 1994
26,Мужской,24,10,1980,Москва,gthd.24@gmail.com,24 10 1980
27,Мужской,24,10,1982,Москва,ngdfxn.24@gmail.com,24 10 1982
28,Мужской,24,10,1966,Москва,sgsg.24@gmail.com,24 10 1966
31,Мужской,24,10,1972,Красноярск,jg.vf.24@gmail.com,24 10 1972
32,Женский,24,10,1984,Севастополь,qu.24@gmail.com,24 10 1984
33,Мужской,24,10,1970,Москва,ngdfxn.24@gmail.com,24 10 1970
35,Женский,24,10,1964,Красноярск,jg.vf.24@gmail.com,24 10 1964
36,Женский,24,10,1972,Москва,ngdfxn.24@gmail.com,24 10 1972
38,Женский,24,10,1962,Севастополь,qu.24@gmail.com,24 10 1962
39,Женский,24,10,1964,Волгоград,dg.24@gmail.com,24 10 1964
41,Женский,24,10,1977,Пермь,pav.24@gmail.com,24 10 1977
44,Женский,24,10,1978,Москва,ngdfxn.24@gmail.com,24 10 1978
45,Мужской,24,10,1983,Волгоград,hdg.24@gmail.com,24 10 1983
46,Мужской,24,10,1968,Волгоград,vol.24@gmail.com,24 10 1968
47,Женский,24,10,1971,Пермь,vsghd.24@gmail.com,24 10 1971
49,Женский,24,10,1978,Волгоград,mfl.24@gmail.com,24 10 1978
51,Мужской,24,10,1973,Волгоград,mfl.24@gmail.com,24 10 1973
53,Женский,24,10,1985,Пермь,pok.24@gmail.com,24 10 1985
54,Женский,24,10,2000,Волгоград,vol.24@gmail.com,24 10 2000
55,Женский,24,10,1974,Волгоград,dg.24@gmail.com,24 10 1974
57,Мужской,24,10,1968,Сочи,hfgdk/urb.24@gmail.com,24 10 1968
58,Мужской,24,10,1982,Москва,gthd.24@yandex.ru,24 10 1982
59,Женский,24,10,1996,Пермь,vsghd.24@yandex.ru,24 10 1996
61,Мужской,24,10,1989,Москва,gthd.24@yandex.ru,24 10 1989
62,Женский,24,10,1996,Волгоград,hdg.24@yandex.ru,24 10 1996
63,Мужской,24,10,1973,Пермь,fdr.24@yandex.ru,24 10 1973
64,Женский,24,10,1981,Москва,sgsg.24@yandex.ru,24 10 1981
65,Мужской,24,10,1972,Волгоград,hdg.24@yandex.ru,24 10 1972
66,Мужской,24,10,1961,Москва,ngdfxn.24@yandex.ru,24 10 1961
67,Мужской,24,10,1999,Севастополь,qu.24@yandex.ru,24 10 1999
68,Мужской,24,10,1974,Красноярск,jg.vf.24@yandex.ru,24 10 1974
70,Мужской,24,10,1972,Пермь,fjkhdr.24@yandex.ru,24 10 1972
71,Женский,24,10,1978,Пермь,fdr.24@yandex.ru,24 10 1978
72,Женский,24,10,1981,Сочи,hfgdk/urb.24@yandex.ru,24 10 1981
73,Женский,24,10,1993,Волгоград,hdg.24@yandex.ru,24 10 1993
74,Женский,24,10,1962,Волгоград,hfyf.24@yandex.ru,24 10 1962
76,Женский,24,10,1966,Волгоград,hfyf.24@ya.ru,24 10 1966
77,Женский,24,10,1962,Пермь,pav.24@rambler.ru,24 10 1962
80,Мужской,24,10,1962,Волгоград,vol.24@rambler.ru,24 10 1962
81,Мужской,24,10,1992,Пермь,pav.24@rambler.ru,24 10 1992
82,Мужской,24,10,1998,Москва,sgsg.24@rambler.ru,24 10 1998
83,Мужской,24,10,1980,Волгоград,vol.24@rambler.ru,24 10 1980
84,Женский,24,10,1976,Сочи,hfgdk/urb.24@rambler.ru,24 10 1976
87,Мужской,24,10,1985,Москва,sgsg.24@rambler.ru,24 10 1985
88,Мужской,24,10,1965,Красноярск,jg.vf.24@rambler.ru,24 10 1965
106,Мужской,24,10,1976,Волгоград,hfyf.24@gmail.com,24 10 1976
107,Мужской,24,10,1964,Москва,sgsg.24@gmail.com,24 10 1964
108,Женский,24,10,1974,Волгоград,vol.24@gmail.com,24 10 1974
109,Мужской,24,10,1990,Пермь,fdr.24@gmail.com,24 10 1990
110,Мужской,24,10,1971,Волгоград,vol.24@gmail.com,24 10 1971
111,Женский,24,10,1964,Волгоград,mfl.24@gmail.com,24 10 1964
112,Женский,24,10,1995,Пермь,fjkhdr.24@gmail.com,24 10 1995
113,Женский,24,10,1979,Красноярск,jg.vf.24@gmail.com,24 10 1979
114,Женский,24,10,1964,Пермь,fjkhdr.24@gmail.com,24 10 1964
115,Женский,24,10,1968,Волгоград,dg.24@gmail.com,24 10 1968
117,Женский,24,10,1996,Москва,sgsg.24@gmail.com,24 10 1996
118,Мужской,24,10,1992,Москва,gthd.24@gmail.com,24 10 1992
191,Женский,25,10,1997,Пермь,pav.25@gmail.com,25 10 1997
192,Мужской,25,10,1999,Волгоград,mfl.25@gmail.com,25 10 1999
193,Женский,25,10,1981,Пермь,vsghd.25@gmail.com,25 10 1981
195,Мужской,25,10,1977,Пермь,pav.25@gmail.com,25 10 1977
196,Мужской,25,10,1963,Пермь,fdr.25@gmail.com,25 10 1963
198,Мужской,25,10,1981,Волгоград,vol.25@gmail.com,25 10 1981
199,Женский,25,10,1967,Пермь,vsghd.25@gmail.com,25 10 1967
200,Мужской,25,10,1962,Красноярск,jg.vf.25@gmail.com,25 10 1962
201,Женский,25,10,1967,Пермь,pav.25@gmail.com,25 10 1967
202,Женский,25,10,1969,Москва,ngdfxn.25@gmail.com,25 10 1969
205,Женский,25,10,1996,Пермь,pok.25@gmail.com,25 10 1996
207,Женский,25,10,1986,Пермь,fdr.25@gmail.com,25 10 1986
211,Мужской,25,10,1984,Пермь,fjkhdr.25@gmail.com,25 10 1984
213,Мужской,25,10,1998,Пермь,vsghd.25@gmail.com,25 10 1998
214,Женский,25,10,1964,Пермь,vsghd.25@gmail.com,25 10 1964
215,Женский,25,10,1973,Пермь,fdr.25@gmail.com,25 10 1973
216,Женский,25,10,1979,Волгоград,mfl.25@gmail.com,25 10 1979
217,Мужской,25,10,1988,Красноярск,jg.vf.25@gmail.com,25 10 1988
218,Мужской,25,10,1984,Москва,sgsg.25@gmail.com,25 10 1984
220,Женский,25,10,1965,Москва,gthd.25@gmail.com,25 10 1965
221,Женский,25,10,1962,Пермь,vsghd.25@gmail.com,25 10 1962
224,Мужской,25,10,1996,Пермь,fdr.25@gmail.com,25 10 1996
225,Мужской,25,10,1975,Волгоград,hdg.25@gmail.com,25 10 1975
226,Мужской,25,10,1996,Красноярск,jg.vf.25@gmail.com,25 10 1996
227,Женский,25,10,1985,Пермь,pav.25@gmail.com,25 10 1985
228,Мужской,25,10,1974,Волгоград,dg.25@gmail.com,25 10 1974
230,Мужской,25,10,1978,Пермь,fjkhdr.25@gmail.com,25 10 1978
231,Мужской,25,10,1991,Пермь,pok.25@gmail.com,25 10 1991
232,Мужской,25,10,1985,Москва,gthd.25@gmail.com,25 10 1985
233,Мужской,25,10,1986,Волгоград,hdg.25@gmail.com,25 10 1986
234,Женский,25,10,1990,Севастополь,qu.25@gmail.com,25 10 1990
235,Мужской,25,10,1965,Волгоград,hdg.25@gmail.com,25 10 1965
238,Женский,25,10,1990,Пермь,pav.25@gmail.com,25 10 1990
239,Мужской,25,10,1993,Красноярск,jg.vf.25@gmail.com,25 10 1993
240,Женский,25,10,1961,Севастополь,qu.25@gmail.com,25 10 1961
241,Мужской,25,10,1975,Пермь,pav.25@gmail.com,25 10 1975
242,Женский,25,10,1965,Волгоград,vol.25@gmail.com,25 10 1965
243,Мужской,25,10,1965,Сочи,hfgdk/urb.25@gmail.com,25 10 1965
245,Женский,25,10,1980,Красноярск,jg.vf.25@gmail.com,25 10 1980
246,Женский,25,10,2000,Москва,ngdfxn.25@gmail.com,25 10 2000
247,Женский,25,10,1992,Севастополь,qu.25@gmail.com,25 10 1992
248,Мужской,25,10,1981,Волгоград,hfyf.25@gmail.com,25 10 1981
249,Женский,25,10,1968,Волгоград,dg.25@gmail.com,25 10 1968
253,Женский,25,10,1971,Волгоград,dg.25@yandex.ru,25 10 1971
254,Женский,25,10,1968,Волгоград,hdg.25@yandex.ru,25 10 1968
257,Мужской,25,10,1962,Волгоград,dg.25@yandex.ru,25 10 1962
259,Мужской,25,10,1989,Пермь,vsghd.25@yandex.ru,25 10 1989
260,Мужской,25,10,1980,Волгоград,vol.25@yandex.ru,25 10 1980
261,Мужской,25,10,1961,Пермь,pav.25@yandex.ru,25 10 1961
262,Мужской,25,10,1999,Пермь,fdr.25@yandex.ru,25 10 1999
263,Женский,25,10,1977,Пермь,pav.25@yandex.ru,25 10 1977
264,Мужской,25,10,1983,Волгоград,hfyf.25@yandex.ru,25 10 1983
265,Женский,25,10,1982,Волгоград,hfyf.25@yandex.ru,25 10 1982
266,Женский,25,10,1987,Пермь,fdr.25@yandex.ru,25 10 1987
268,Мужской,25,10,1975,Москва,gthd.25@yandex.ru,25 10 1975
269,Женский,25,10,1995,Красноярск,jg.vf.25@yandex.ru,25 10 1995
270,Мужской,25,10,1963,Волгоград,vol.25@yandex.ru,25 10 1963
271,Мужской,25,10,1980,Пермь,pok.25@yandex.ru,25 10 1980
272,Женский,25,10,1983,Москва,gthd.25@yandex.ru,25 10 1983
273,Женский,25,10,2000,Пермь,fjkhdr.25@yandex.ru,25 10 2000
274,Женский,25,10,1987,Пермь,pav.25@yandex.ru,25 10 1987
276,Женский,25,10,1964,Волгоград,dg.25@yandex.ru,25 10 1964
277,Женский,25,10,1994,Волгоград,vol.25@yandex.ru,25 10 1994
278,Мужской,25,10,1985,Волгоград,hfyf.25@yandex.ru,25 10 1985
280,Мужской,25,10,1989,Москва,ngdfxn.25@yandex.ru,25 10 1989
282,Мужской,25,10,1963,Севастополь,qu.25@ya.ru,25 10 1963
284,Женский,25,10,1974,Сочи,hfgdk/urb.25@rambler.ru,25 10 1974
285,Женский,25,10,1976,Пермь,fdr.25@rambler.ru,25 10 1976
286,Мужской,25,10,1977,Москва,sgsg.25@rambler.ru,25 10 1977
287,Мужской,25,10,1995,Москва,ngdfxn.25@rambler.ru,25 10 1995
288,Женский,25,10,1973,Волгоград,mfl.25@rambler.ru,25 10 1973
290,Мужской,25,10,1987,Волгоград,dg.25@rambler.ru,25 10 1987
292,Мужской,25,10,1986,Пермь,fjkhdr.25@rambler.ru,25 10 1986
293,Женский,25,10,1994,Волгоград,hfyf.25@rambler.ru,25 10 1994
294,Мужской,25,10,1996,Пермь,fdr.25@rambler.ru,25 10 1996
296,Мужской,25,10,1995,Москва,gthd.25@rambler.ru,25 10 1995
297,Женский,25,10,1978,Волгоград,dg.25@rambler.ru,25 10 1978
298,Мужской,25,10,1975,Волгоград,mfl.25@rambler.ru,25 10 1975
299,Мужской,25,10,1976,Волгоград,vol.25@rambler.ru,25 10 1976
301,Женский,25,10,1999,Пермь,pok.25@rambler.ru,25 10 1999
302,Женский,25,10,1984,Пермь,pav.25@rambler.ru,25 10 1984
303,Женский,25,10,1967,Пермь,fjkhdr.25@rambler.ru,25 10 1967
304,Мужской,25,10,1967,Волгоград,mfl.25@rambler.ru,25 10 1967
305,Женский,25,10,1977,Волгоград,dg.25@rambler.ru,25 10 1977
306,Мужской,25,10,1989,Волгоград,mfl.25@rambler.ru,25 10 1989
309,Мужской,25,10,1984,Пермь,fdr.25@rambler.ru,25 10 1984
347,Мужской,25,10,1995,Пермь,pok.25@gmail.com,25 10 1995
348,Женский,25,10,1973,Волгоград,hdg.25@gmail.com,25 10 1973
349,Женский,25,10,1987,Волгоград,dg.25@gmail.com,25 10 1987
352,Мужской,25,10,1995,Пермь,vsghd.25@gmail.com,25 10 1995
469,Мужской,26,10,1997,Пермь,fdr.26@gmail.com,26 10 1997
470,Женский,26,10,1967,Пермь,fjkhdr.26@gmail.com,26 10 1967
471,Мужской,26,10,1972,Пермь,vsghd.26@gmail.com,26 10 1972
473,Мужской,26,10,1977,Сочи,hfgdk/urb.26@gmail.com,26 10 1977
474,Женский,26,10,1979,Красноярск,jg.vf.26@gmail.com,26 10 1979
476,Мужской,26,10,1976,Москва,gthd.26@gmail.com,26 10 1976
477,Мужской,26,11,1996,Москва,ngdfxn.26@gmail.com,26 11 1996
478,Мужской,26,10,1989,Красноярск,jg.vf.26@gmail.com,26 10 1989
480,Мужской,26,10,1997,Волгоград,mfl.26@gmail.com,26 10 1997
481,Женский,26,10,1974,Сочи,hfgdk/urb.26@gmail.com,26 10 1974
482,Женский,26,10,1964,Москва,sgsg.26@gmail.com,26 10 1964
484,Женский,26,10,1975,Москва,gthd.26@gmail.com,26 10 1975
485,Мужской,26,10,1985,Москва,sgsg.26@gmail.com,26 10 1985
486,Мужской,26,10,1986,Волгоград,hfyf.26@gmail.com,26 10 1986
487,Женский,26,10,1973,Пермь,pav.26@gmail.com,26 10 1973
490,Мужской,26,10,1968,Москва,ngdfxn.26@gmail.com,26 10 1968
491,Женский,26,11,2000,Волгоград,dg.26@gmail.com,26 11 2000
492,Мужской,26,11,1987,Волгоград,hfyf.26@gmail.com,26 11 1987
493,Женский,26,10,1983,Севастополь,qu.26@gmail.com,26 10 1983
496,Женский,26,10,1991,Волгоград,hfyf.26@gmail.com,26 10 1991
497,Женский,26,10,1980,Волгоград,hdg.26@gmail.com,26 10 1980
499,Мужской,26,11,1989,Москва,ngdfxn.26@gmail.com,26 11 1989
501,Мужской,26,10,1961,Волгоград,dg.26@gmail.com,26 10 1961
505,Женский,26,10,1978,Севастополь,qu.26@gmail.com,26 10 1978
506,Мужской,26,10,1971,Пермь,pav.26@gmail.com,26 10 1971
507,Мужской,26,10,1980,Пермь,fjkhdr.26@gmail.com,26 10 1980
508,Мужской,26,10,2000,Севастополь,qu.26@gmail.com,26 10 2000
509,Женский,26,10,1985,Москва,sgsg.26@gmail.com,26 10 1985
511,Женский,26,10,1974,Сочи,hfgdk/urb.26@gmail.com,26 10 1974
512,Мужской,26,11,1979,Пермь,pav.26@gmail.com,26 11 1979
513,Женский,26,10,1997,Красноярск,jg.vf.26@gmail.com,26 10 1997
515,Мужской,26,11,1989,Москва,sgsg.26@gmail.com,26 11 1989
517,Женский,26,10,1994,Москва,sgsg.26@gmail.com,26 10 1994
518,Женский,26,10,1969,Волгоград,hfyf.26@gmail.com,26 10 1969
520,Мужской,26,10,1997,Сочи,hfgdk/urb.26@gmail.com,26 10 1997
525,Мужской,26,10,1979,Красноярск,jg.vf.26@gmail.com,26 10 1979
526,Мужской,26,10,1995,Волгоград,hfyf.26@gmail.com,26 10 1995
528,Женский,26,10,1987,Москва,ngdfxn.26@gmail.com,26 10 1987
529,Женский,26,10,1965,Волгоград,hdg.26@gmail.com,26 10 1965
530,Женский,26,10,1983,Пермь,pav.26@gmail.com,26 10 1983
531,Мужской,26,10,1976,Волгоград,dg.26@gmail.com,26 10 1976
532,Мужской,26,10,1979,Волгоград,hfyf.26@gmail.com,26 10 1979
533,Женский,26,11,1991,Волгоград,vol.26@gmail.com,26 11 1991
534,Мужской,26,11,1976,Волгоград,dg.26@yandex.ru,26 11 1976
535,Женский,26,10,1992,Волгоград,dg.26@yandex.ru,26 10 1992
538,Женский,26,10,1969,Пермь,fjkhdr.26@yandex.ru,26 10 1969
539,Женский,26,11,1979,Волгоград,dg.26@yandex.ru,26 11 1979
540,Женский,26,10,1962,Москва,sgsg.26@yandex.ru,26 10 1962
541,Мужской,26,11,2000,Волгоград,hdg.26@yandex.ru,26 11 2000
543,Женский,26,10,1978,Волгоград,vol.26@yandex.ru,26 10 1978
546,Мужской,26,10,1969,Пермь,vsghd.26@yandex.ru,26 10 1969
548,Женский,26,10,1979,Красноярск,jg.vf.26@yandex.ru,26 10 1979
549,Мужской,26,10,1973,Волгоград,hdg.26@yandex.ru,26 10 1973
551,Женский,26,10,1968,Москва,gthd.26@yandex.ru,26 10 1968
552,Мужской,26,11,1995,Волгоград,vol.26@yandex.ru,26 11 1995
553,Мужской,26,10,1974,Волгоград,mfl.26@yandex.ru,26 10 1974
555,Женский,26,10,1981,Пермь,pav.26@yandex.ru,26 10 1981
556,Женский,26,10,1961,Пермь,vsghd.26@yandex.ru,26 10 1961
557,Женский,26,10,1992,Волгоград,mfl.26@yandex.ru,26 10 1992
560,Женский,26,10,1983,Волгоград,hdg.26@yandex.ru,26 10 1983
561,Женский,26,10,1997,Волгоград,vol.26@yandex.ru,26 10 1997
562,Мужской,26,10,1982,Волгоград,hdg.26@yandex.ru,26 10 1982
563,Мужской,26,10,1984,Пермь,fdr.26@yandex.ru,26 10 1984
565,Мужской,26,10,1998,Пермь,fdr.26@yandex.ru,26 10 1998
566,Женский,26,10,1966,Москва,sgsg.26@yandex.ru,26 10 1966
567,Мужской,26,10,1988,Москва,ngdfxn.26@yandex.ru,26 10 1988
568,Женский,26,10,1967,Севастополь,qu.26@yandex.ru,26 10 1967
569,Мужской,26,10,1972,Пермь,fjkhdr.26@yandex.ru,26 10 1972
570,Мужской,26,10,1961,Пермь,vsghd.26@yandex.ru,26 10 1961
572,Мужской,26,10,1999,Волгоград,dg.26@yandex.ru,26 10 1999
573,Женский,26,10,1999,Волгоград,hdg.26@yandex.ru,26 10 1999
577,Женский,26,10,1975,Волгоград,vol.26@yandex.ru,26 10 1975
578,Мужской,26,10,1985,Севастополь,qu.26@yandex.ru,26 10 1985
579,Мужской,26,10,1963,Волгоград,hdg.26@ya.ru,26 10 1963
581,Мужской,26,10,1972,Волгоград,hfyf.26@ya.ru,26 10 1972
582,Мужской,26,10,1993,Волгоград,dg.26@rambler.ru,26 10 1993
584,Мужской,26,10,1977,Пермь,pav.26@rambler.ru,26 10 1977
585,Мужской,26,10,1983,Москва,gthd.26@rambler.ru,26 10 1983
586,Мужской,26,10,1981,Пермь,vsghd.26@rambler.ru,26 10 1981
587,Женский,26,10,1970,Москва,gthd.26@rambler.ru,26 10 1970
588,Женский,26,10,1965,Пермь,pok.26@rambler.ru,26 10 1965
590,Мужской,26,11,1975,Красноярск,jg.vf.26@rambler.ru,26 11 1975
591,Мужской,26,10,1975,Пермь,fjkhdr.26@rambler.ru,26 10 1975
592,Мужской,26,10,1976,Москва,ngdfxn.26@rambler.ru,26 10 1976
593,Женский,26,11,1971,Москва,ngdfxn.26@rambler.ru,26 11 1971
594,Женский,26,11,1976,Волгоград,mfl.26@rambler.ru,26 11 1976
595,Мужской,26,10,1997,Пермь,pav.26@rambler.ru,26 10 1997
597,Женский,26,10,1981,Волгоград,mfl.26@rambler.ru,26 10 1981
598,Мужской,26,10,1996,Сочи,hfgdk/urb.26@rambler.ru,26 10 1996
599,Мужской,26,10,1973,Волгоград,dg.26@rambler.ru,26 10 1973
600,Мужской,26,10,1962,Волгоград,hdg.26@rambler.ru,26 10 1962
601,Мужской,26,11,1991,Пермь,fdr.26@rambler.ru,26 11 1991
625,Женский,26,11,1990,Пермь,fjkhdr.26@gmail.com,26 11 1990
626,Женский,26,10,1975,Пермь,pav.26@gmail.com,26 10 1975
627,Мужской,26,10,1975,Пермь,vsghd.26@gmail.com,26 10 1975
628,Мужской,26,10,2000,Красноярск,jg.vf.26@gmail.com,26 10 2000
629,Мужской,26,10,1998,Волгоград,dg.26@gmail.com,26 10 1998
631,Мужской,26,10,1990,Севастополь,qu.26@gmail.com,26 10 1990
632,Женский,26,10,1977,Москва,ngdfxn.26@gmail.com,26 10 1977
633,Женский,26,10,1971,Севастополь,qu.26@gmail.com,26 10 1971
634,Женский,26,10,1983,Волгоград,vol.26@gmail.com,26 10 1983
636,Женский,26,11,1993,Пермь,fjkhdr.26@gmail.com,26 11 1993
639,Мужской,26,10,1968,Красноярск,jg.vf.26@gmail.com,26 10 1968
737,Мужской,27,11,1969,Пермь,fdr.27@gmail.com,27 11 1969
738,Женский,27,11,1987,Москва,sgsg.27@gmail.com,27 11 1987
740,Мужской,27,11,1996,Пермь,pok.27@gmail.com,27 11 1996
741,Мужской,27,11,1977,Москва,sgsg.27@gmail.com,27 11 1977
742,Мужской,27,11,1988,Волгоград,dg.27@gmail.com,27 11 1988
743,Мужской,27,11,1986,Волгоград,hfyf.27@gmail.com,27 11 1986
744,Женский,27,11,1972,Пермь,fdr.27@gmail.com,27 11 1972
746,Мужской,27,11,1997,Пермь,fdr.27@gmail.com,27 11 1997
747,Женский,27,11,1998,Волгоград,mfl.27@gmail.com,27 11 1998
750,Мужской,27,11,1967,Волгоград,hdg.27@gmail.com,27 11 1967
752,Женский,27,11,1992,Москва,gthd.27@gmail.com,27 11 1992
754,Мужской,27,11,1971,Волгоград,mfl.27@gmail.com,27 11 1971
757,Мужской,27,11,1961,Пермь,pav.27@gmail.com,27 11 1961
758,Женский,27,11,1996,Пермь,fdr.27@gmail.com,27 11 1996
759,Женский,27,11,1972,Волгоград,mfl.27@gmail.com,27 11 1972
760,Женский,27,11,1984,Москва,gthd.27@gmail.com,27 11 1984
762,Женский,27,11,1988,Волгоград,dg.27@gmail.com,27 11 1988
763,Мужской,27,11,2000,Волгоград,hdg.27@gmail.com,27 11 2000
765,Мужской,27,11,1986,Севастополь,qu.27@gmail.com,27 11 1986
766,Мужской,27,11,1987,Пермь,vsghd.27@gmail.com,27 11 1987
769,Женский,27,11,1992,Москва,gthd.27@gmail.com,27 11 1992
770,Мужской,27,11,1962,Волгоград,mfl.27@gmail.com,27 11 1962
771,Женский,27,11,1988,Москва,sgsg.27@gmail.com,27 11 1988
774,Женский,27,11,1972,Пермь,pok.27@gmail.com,27 11 1972
775,Женский,27,11,1963,Волгоград,vol.27@gmail.com,27 11 1963
777,Мужской,27,11,1998,Пермь,pok.27@gmail.com,27 11 1998
779,Мужской,27,11,1967,Москва,gthd.27@gmail.com,27 11 1967
780,Женский,27,11,1989,Волгоград,mfl.27@gmail.com,27 11 1989
781,Мужской,27,11,1971,Севастополь,qu.27@gmail.com,27 11 1971
782,Женский,27,11,1968,Сочи,hfgdk/urb.27@gmail.com,27 11 1968
783,Мужской,27,11,1995,Пермь,fjkhdr.27@gmail.com,27 11 1995
784,Женский,27,11,1997,Волгоград,mfl.27@gmail.com,27 11 1997
785,Мужской,27,11,1994,Пермь,fdr.27@gmail.com,27 11 1994
787,Женский,27,11,1966,Пермь,pav.27@gmail.com,27 11 1966
788,Мужской,27,11,1987,Волгоград,hfyf.27@gmail.com,27 11 1987
789,Мужской,27,11,1967,Москва,sgsg.27@gmail.com,27 11 1967
790,Женский,27,11,2000,Севастополь,qu.27@gmail.com,27 11 2000
792,Женский,27,11,1994,Москва,gthd.27@gmail.com,27 11 1994
793,Женский,27,11,1963,Пермь,pav.27@gmail.com,27 11 1963
796,Женский,27,11,1990,Пермь,fjkhdr.27@gmail.com,27 11 1990
797,Мужской,27,11,1963,Пермь,vsghd.27@yandex.ru,27 11 1963
798,Женский,27,11,1976,Сочи,hfgdk/urb.27@yandex.ru,27 11 1976
799,Женский,27,11,2000,Волгоград,vol.27@yandex.ru,27 11 2000
800,Мужской,27,11,1975,Сочи,hfgdk/urb.27@yandex.ru,27 11 1975
801,Женский,27,11,1966,Пермь,pok.27@yandex.ru,27 11 1966
802,Женский,27,11,1996,Волгоград,vol.27@yandex.ru,27 11 1996
803,Женский,27,11,1991,Москва,ngdfxn.27@yandex.ru,27 11 1991
804,Женский,27,11,1981,Пермь,vsghd.27@yandex.ru,27 11 1981
805,Мужской,27,11,1971,Волгоград,mfl.27@yandex.ru,27 11 1971
806,Мужской,27,11,1981,Москва,ngdfxn.27@yandex.ru,27 11 1981
807,Женский,27,11,1999,Волгоград,hdg.27@yandex.ru,27 11 1999
808,Мужской,27,11,1976,Пермь,pok.27@yandex.ru,27 11 1976
809,Женский,27,11,1971,Волгоград,mfl.27@yandex.ru,27 11 1971
813,Мужской,27,11,1997,Пермь,pok.27@yandex.ru,27 11 1997
814,Женский,27,11,1987,Сочи,hfgdk/urb.27@yandex.ru,27 11 1987
816,Женский,27,11,1962,Пермь,pav.27@yandex.ru,27 11 1962
819,Женский,27,11,1978,Москва,gthd.27@yandex.ru,27 11 1978
820,Женский,27,11,1982,Пермь,vsghd.27@yandex.ru,27 11 1982
822,Женский,27,11,1965,Волгоград,vol.27@yandex.ru,27 11 1965
824,Мужской,27,11,1999,Пермь,vsghd.27@yandex.ru,27 11 1999
825,Женский,27,11,1971,Сочи,hfgdk/urb.27@yandex.ru,27 11 1971
826,Женский,27,11,1980,Москва,gthd.27@yandex.ru,27 11 1980
827,Мужской,27,11,1982,Пермь,fdr.27@yandex.ru,27 11 1982
829,Женский,27,11,1985,Пермь,pok.27@yandex.ru,27 11 1985
831,Мужской,27,11,1980,Москва,ngdfxn.27@yandex.ru,27 11 1980
832,Мужской,27,11,1964,Пермь,vsghd.27@yandex.ru,27 11 1964
833,Женский,27,11,1963,Волгоград,hdg.27@yandex.ru,27 11 1963
835,Мужской,27,11,1983,Москва,gthd.27@yandex.ru,27 11 1983
836,Женский,27,11,1985,Пермь,fdr.27@yandex.ru,27 11 1985
837,Женский,27,11,1994,Волгоград,mfl.27@yandex.ru,27 11 1994
838,Женский,27,11,1966,Пермь,pav.27@yandex.ru,27 11 1966
839,Мужской,27,11,1983,Пермь,vsghd.27@yandex.ru,27 11 1983
840,Мужской,27,11,1978,Москва,ngdfxn.27@yandex.ru,27 11 1978
841,Мужской,27,11,1963,Москва,sgsg.27@ya.ru,27 11 1963
842,Мужской,27,11,1962,Волгоград,vol.27@ya.ru,27 11 1962
843,Мужской,27,11,1993,Пермь,pav.27@ya.ru,27 11 1993
845,Мужской,27,11,1987,Пермь,pav.27@ya.ru,27 11 1987
848,Мужской,27,11,1991,Сочи,hfgdk/urb.27@rambler.ru,27 11 1991
849,Мужской,27,11,1993,Красноярск,jg.vf.27@rambler.ru,27 11 1993
851,Мужской,27,11,1975,Волгоград,mfl.27@rambler.ru,27 11 1975
852,Женский,27,11,1967,Красноярск,jg.vf.27@rambler.ru,27 11 1967
853,Женский,27,11,1961,Сочи,hfgdk/urb.27@rambler.ru,27 11 1961
855,Мужской,27,11,1976,Волгоград,hdg.27@rambler.ru,27 11 1976
856,Женский,27,11,1988,Москва,sgsg.27@rambler.ru,27 11 1988
857,Мужской,27,11,1994,Пермь,pav.27@rambler.ru,27 11 1994
859,Женский,27,11,1984,Красноярск,jg.vf.27@rambler.ru,27 11 1984
860,Женский,27,11,1995,Волгоград,hfyf.27@rambler.ru,27 11 1995
861,Женский,27,11,1961,Москва,gthd.27@rambler.ru,27 11 1961
862,Женский,27,11,1996,Волгоград,hfyf.27@rambler.ru,27 11 1996
864,Женский,27,11,2000,Волгоград,hdg.27@rambler.ru,27 11 2000
865,Мужской,27,11,1973,Красноярск,jg.vf.27@rambler.ru,27 11 1973
882,Мужской,27,11,1975,Волгоград,vol.27@gmail.com,27 11 1975
883,Мужской,27,11,1994,Пермь,pav.27@gmail.com,27 11 1994
884,Мужской,27,11,1989,Москва,sgsg.27@gmail.com,27 11 1989
885,Мужской,27,11,1974,Севастополь,qu.27@gmail.com,27 11 1974
887,Мужской,27,11,1973,Пермь,vsghd.27@gmail.com,27 11 1973
889,Женский,27,11,1978,Волгоград,hdg.27@gmail.com,27 11 1978
891,Мужской,27,11,1996,Пермь,fjkhdr.27@gmail.com,27 11 1996
892,Женский,27,11,1992,Пермь,pav.27@gmail.com,27 11 1992
893,Мужской,27,11,1963,Волгоград,dg.27@gmail.com,27 11 1963
997,Женский,28,11,1998,Волгоград,dg.28@gmail.com,28 11 1998
1002,Мужской,28,11,1974,Севастополь,qu.28@gmail.com,28 11 1974
1003,Женский,28,11,1962,Пермь,fdr.28@gmail.com,28 11 1962
1004,Женский,28,11,1963,Пермь,pok.28@gmail.com,28 11 1963
1006,Мужской,28,11,2000,Волгоград,vol.28@gmail.com,28 11 2000
1008,Женский,28,11,1999,Красноярск,jg.vf.28@gmail.com,28 11 1999
1009,Женский,28,11,1966,Пермь,vsghd.28@gmail.com,28 11 1966
1011,Женский,28,11,1965,Севастополь,qu.28@gmail.com,28 11 1965
1012,Мужской,28,11,1984,Москва,sgsg.28@gmail.com,28 11 1984
1013,Женский,28,11,1965,Волгоград,vol.28@gmail.com,28 11 1965
1014,Мужской,28,11,1975,Сочи,hfgdk/urb.28@gmail.com,28 11 1975
1015,Мужской,28,11,1985,Москва,ngdfxn.28@gmail.com,28 11 1985
1016,Женский,28,11,1962,Пермь,pav.28@gmail.com,28 11 1962
1017,Женский,28,11,1961,Москва,ngdfxn.28@gmail.com,28 11 1961
1018,Мужской,28,11,1980,Волгоград,vol.28@gmail.com,28 11 1980
1019,Мужской,28,11,1961,Пермь,pok.28@gmail.com,28 11 1961
1020,Мужской,28,11,1994,Москва,sgsg.28@gmail.com,28 11 1994
1022,Мужской,28,11,1987,Сочи,hfgdk/urb.28@gmail.com,28 11 1987
1023,Женский,28,11,1965,Пермь,pav.28@gmail.com,28 11 1965
1025,Мужской,28,11,1994,Москва,sgsg.28@gmail.com,28 11 1994
1027,Женский,28,11,1985,Пермь,pok.28@gmail.com,28 11 1985
1028,Женский,28,11,1977,Красноярск,jg.vf.28@gmail.com,28 11 1977
1029,Мужской,28,11,1984,Пермь,pav.28@gmail.com,28 11 1984
1031,Женский,28,11,1983,Волгоград,dg.28@gmail.com,28 11 1983
1032,Мужской,28,11,1989,Пермь,fjkhdr.28@gmail.com,28 11 1989
1033,Мужской,28,11,1985,Волгоград,hdg.28@gmail.com,28 11 1985
1035,Мужской,28,11,1990,Пермь,fdr.28@gmail.com,28 11 1990
1036,Мужской,28,11,1985,Пермь,pav.28@gmail.com,28 11 1985
1037,Женский,28,11,1979,Пермь,vsghd.28@gmail.com,28 11 1979
1039,Мужской,28,11,1992,Волгоград,hfyf.28@gmail.com,28 11 1992
1041,Мужской,28,11,1994,Сочи,hfgdk/urb.28@gmail.com,28 11 1994
1044,Женский,28,11,1998,Пермь,fdr.28@gmail.com,28 11 1998
1045,Женский,28,11,1998,Сочи,hfgdk/urb.28@gmail.com,28 11 1998
1047,Мужской,28,11,1985,Пермь,fjkhdr.28@gmail.com,28 11 1985
1048,Мужской,28,11,1962,Пермь,vsghd.28@gmail.com,28 11 1962
1050,Мужской,28,11,1983,Москва,gthd.28@gmail.com,28 11 1983
1051,Женский,28,11,1992,Волгоград,hdg.28@gmail.com,28 11 1992
1052,Женский,28,11,2000,Волгоград,mfl.28@gmail.com,28 11 2000
1053,Женский,28,11,1961,Москва,sgsg.28@gmail.com,28 11 1961
1054,Женский,28,11,1972,Волгоград,vol.28@gmail.com,28 11 1972
1055,Женский,28,11,1977,Пермь,fdr.28@gmail.com,28 11 1977
1056,Мужской,28,11,1963,Пермь,vsghd.28@gmail.com,28 11 1963
1057,Женский,28,11,1965,Пермь,fdr.28@gmail.com,28 11 1965
1058,Женский,28,11,1965,Пермь,vsghd.28@yandex.ru,28 11 1965
1059,Мужской,28,11,1970,Москва,sgsg.28@yandex.ru,28 11 1970
1060,Женский,28,11,1977,Пермь,fdr.28@yandex.ru,28 11 1977
1061,Мужской,28,11,1996,Пермь,fdr.28@yandex.ru,28 11 1996
1064,Мужской,28,11,1962,Красноярск,jg.vf.28@yandex.ru,28 11 1962
1065,Женский,28,11,1963,Пермь,pav.28@yandex.ru,28 11 1963
1066,Женский,28,11,1991,Пермь,fdr.28@yandex.ru,28 11 1991
1068,Мужской,28,11,1973,Волгоград,vol.28@yandex.ru,28 11 1973
1069,Женский,28,11,1969,Москва,ngdfxn.28@yandex.ru,28 11 1969
1070,Мужской,28,11,2000,Пермь,fjkhdr.28@yandex.ru,28 11 2000
1071,Женский,28,11,1961,Волгоград,dg.28@yandex.ru,28 11 1961
1072,Женский,28,11,1989,Пермь,pok.28@yandex.ru,28 11 1989
1074,Женский,28,11,1993,Волгоград,hfyf.28@yandex.ru,28 11 1993
1075,Мужской,28,11,1995,Сочи,hfgdk/urb.28@yandex.ru,28 11 1995
1077,Мужской,28,11,1988,Пермь,vsghd.28@yandex.ru,28 11 1988
1078,Женский,28,11,1977,Пермь,pav.28@yandex.ru,28 11 1977
1079,Женский,28,11,1989,Москва,ngdfxn.28@yandex.ru,28 11 1989
1080,Женский,28,11,1975,Пермь,vsghd.28@yandex.ru,28 11 1975
1081,Женский,28,11,1989,Москва,gthd.28@yandex.ru,28 11 1989
1082,Женский,28,11,1996,Москва,sgsg.28@yandex.ru,28 11 1996
1083,Мужской,28,11,1981,Волгоград,hdg.28@yandex.ru,28 11 1981
1084,Мужской,28,11,1972,Волгоград,dg.28@yandex.ru,28 11 1972
1085,Женский,28,11,1972,Москва,gthd.28@yandex.ru,28 11 1972
1087,Женский,28,11,1962,Волгоград,mfl.28@yandex.ru,28 11 1962
1088,Женский,28,11,1984,Волгоград,hdg.28@yandex.ru,28 11 1984
1090,Мужской,28,11,1985,Севастополь,qu.28@yandex.ru,28 11 1985
1091,Женский,28,11,1971,Волгоград,hfyf.28@yandex.ru,28 11 1971
1092,Мужской,28,11,1985,Пермь,pok.28@yandex.ru,28 11 1985
1093,Мужской,28,11,2000,Волгоград,vol.28@yandex.ru,28 11 2000
1095,Мужской,28,11,1996,Волгоград,hdg.28@yandex.ru,28 11 1996
1097,Женский,28,11,1994,Пермь,fjkhdr.28@ya.ru,28 11 1994
1098,Женский,28,11,1967,Пермь,pok.28@ya.ru,28 11 1967
1100,Мужской,28,11,1964,Пермь,vsghd.28@rambler.ru,28 11 1964
1102,Женский,28,11,1995,Волгоград,dg.28@rambler.ru,28 11 1995
1103,Мужской,28,11,1982,Волгоград,hfyf.28@rambler.ru,28 11 1982
1105,Женский,28,11,1989,Москва,sgsg.28@rambler.ru,28 11 1989
1107,Женский,28,11,1962,Севастополь,qu.28@rambler.ru,28 11 1962
1110,Мужской,28,11,1979,Пермь,fdr.28@rambler.ru,28 11 1979
1111,Мужской,28,11,1976,Пермь,fjkhdr.28@rambler.ru,28 11 1976
1112,Женский,28,11,1984,Пермь,vsghd.28@rambler.ru,28 11 1984
1114,Женский,28,11,1984,Пермь,vsghd.28@rambler.ru,28 11 1984
1136,Женский,28,11,1999,Пермь,pok.28@gmail.com,28 11 1999
1142,Мужской,28,11,1980,Волгоград,mfl.28@gmail.com,28 11 1980
1143,Женский,28,11,1976,Волгоград,dg.28@gmail.com,28 11 1976
1144,Мужской,28,11,1996,Волгоград,hfyf.28@gmail.com,28 11 1996
1145,Мужской,28,11,1966,Москва,gthd.28@gmail.com,28 11 1966
1147,Женский,28,11,1974,Пермь,vsghd.28@gmail.com,28 11 1974
1150,Мужской,28,11,1962,Москва,ngdfxn.28@gmail.com,28 11 1962
1151,Мужской,28,11,1965,Волгоград,hdg.28@gmail.com,28 11 1965
1152,Женский,28,11,1995,Москва,ngdfxn.28@gmail.com,28 11 1995
1153,Мужской,28,11,1976,Пермь,fdr.28@gmail.com,28 11 1976
1154,Мужской,28,11,1998,Москва,gthd.28@gmail.com,28 11 1998
1155,Мужской,28,11,1967,Пермь,pav.28@gmail.com,28 11 1967
1156,Женский,28,11,1981,Волгоград,dg.28@gmail.com,28 11 1981
1254,Мужской,29,12,1981,Севастополь,qu.29@gmail.com,29 12 1981
1255,Женский,29,11,1964,Пермь,vsghd.29@gmail.com,29 11 1964
1256,Мужской,29,12,1984,Волгоград,hdg.29@gmail.com,29 12 1984
1257,Женский,29,11,1999,Волгоград,hdg.29@gmail.com,29 11 1999
1259,Женский,29,12,1996,Пермь,pok.29@gmail.com,29 12 1996
1260,Мужской,29,11,1969,Москва,ngdfxn.29@gmail.com,29 11 1969
1261,Женский,29,12,1989,Волгоград,dg.29@gmail.com,29 12 1989
1262,Женский,29,11,1975,Москва,gthd.29@gmail.com,29 11 1975
1265,Мужской,29,12,1991,Волгоград,vol.29@gmail.com,29 12 1991
1266,Женский,29,12,1994,Пермь,fdr.29@gmail.com,29 12 1994
1267,Мужской,29,11,1966,Волгоград,mfl.29@gmail.com,29 11 1966
1268,Мужской,29,12,1987,Пермь,vsghd.29@gmail.com,29 12 1987
1271,Мужской,29,12,1965,Пермь,fjkhdr.29@gmail.com,29 12 1965
1272,Мужской,29,11,1966,Пермь,fdr.29@gmail.com,29 11 1966
1273,Женский,29,12,1977,Пермь,pok.29@gmail.com,29 12 1977
1274,Мужской,29,12,2000,Волгоград,mfl.29@gmail.com,29 12 2000
1275,Мужской,29,11,1979,Волгоград,dg.29@gmail.com,29 11 1979
1276,Мужской,29,12,1981,Волгоград,vol.29@gmail.com,29 12 1981
1277,Женский,29,12,1963,Пермь,fdr.29@gmail.com,29 12 1963
1279,Мужской,29,12,1981,Красноярск,jg.vf.29@gmail.com,29 12 1981
1280,Женский,29,12,1973,Москва,ngdfxn.29@gmail.com,29 12 1973
1282,Мужской,29,12,1971,Волгоград,mfl.29@gmail.com,29 12 1971
1284,Женский,29,12,1967,Волгоград,vol.29@gmail.com,29 12 1967
1285,Мужской,29,12,1968,Красноярск,jg.vf.29@gmail.com,29 12 1968
1286,Женский,29,11,1975,Волгоград,vol.29@gmail.com,29 11 1975
1287,Мужской,29,12,1979,Волгоград,mfl.29@gmail.com,29 12 1979
1289,Мужской,29,12,1981,Москва,ngdfxn.29@gmail.com,29 12 1981
1292,Женский,29,12,1975,Севастополь,qu.29@gmail.com,29 12 1975
1293,Мужской,29,12,1985,Красноярск,jg.vf.29@gmail.com,29 12 1985
1294,Женский,29,11,1979,Волгоград,hfyf.29@gmail.com,29 11 1979
1295,Мужской,29,11,1993,Волгоград,vol.29@gmail.com,29 11 1993
1296,Мужской,29,12,1979,Москва,sgsg.29@gmail.com,29 12 1979
1297,Женский,29,11,1992,Москва,ngdfxn.29@gmail.com,29 11 1992
1298,Мужской,29,12,1970,Пермь,fdr.29@gmail.com,29 12 1970
1299,Мужской,29,12,1997,Пермь,vsghd.29@gmail.com,29 12 1997
1300,Женский,29,11,1995,Волгоград,dg.29@gmail.com,29 11 1995
1302,Мужской,29,12,1968,Волгоград,vol.29@gmail.com,29 12 1968
1303,Мужской,29,12,1977,Волгоград,mfl.29@gmail.com,29 12 1977
1304,Женский,29,12,1988,Пермь,pok.29@gmail.com,29 12 1988
1305,Женский,29,11,1965,Москва,gthd.29@gmail.com,29 11 1965
1306,Женский,29,11,1961,Красноярск,jg.vf.29@gmail.com,29 11 1961
1307,Женский,29,11,1964,Москва,sgsg.29@gmail.com,29 11 1964
1308,Мужской,29,12,1978,Волгоград,hfyf.29@gmail.com,29 12 1978
1309,Мужской,29,12,1977,Севастополь,qu.29@gmail.com,29 12 1977
1312,Женский,29,12,1989,Волгоград,vol.29@gmail.com,29 12 1989
1313,Женский,29,12,1975,Москва,ngdfxn.29@gmail.com,29 12 1975
1314,Мужской,29,12,1985,Волгоград,hfyf.29@gmail.com,29 12 1985
1315,Женский,29,11,1998,Пермь,fjkhdr.29@gmail.com,29 11 1998
1318,Мужской,29,12,1968,Пермь,pav.29@gmail.com,29 12 1968
1319,Мужской,29,12,1993,Волгоград,hdg.29@gmail.com,29 12 1993
1320,Мужской,29,12,1984,Красноярск,jg.vf.29@gmail.com,29 12 1984
1321,Мужской,29,11,1963,Сочи,hfgdk/urb.29@gmail.com,29 11 1963
1322,Мужской,29,11,1986,Пермь,fdr.29@gmail.com,29 11 1986
1323,Мужской,29,11,1977,Москва,sgsg.29@gmail.com,29 11 1977
1324,Мужской,29,12,1999,Москва,gthd.29@yandex.ru,29 12 1999
1325,Женский,29,12,1991,Волгоград,hdg.29@yandex.ru,29 12 1991
1331,Мужской,29,11,1976,Москва,ngdfxn.29@yandex.ru,29 11 1976
1333,Мужской,29,12,1981,Сочи,hfgdk/urb.29@yandex.ru,29 12 1981
1334,Мужской,29,11,1987,Волгоград,vol.29@yandex.ru,29 11 1987
1335,Мужской,29,12,1983,Волгоград,hfyf.29@yandex.ru,29 12 1983
1336,Мужской,29,12,1975,Волгоград,vol.29@yandex.ru,29 12 1975
1337,Мужской,29,12,1985,Волгоград,dg.29@yandex.ru,29 12 1985
1338,Мужской,29,12,1993,Волгоград,hfyf.29@yandex.ru,29 12 1993
1340,Мужской,29,12,1961,Красноярск,jg.vf.29@yandex.ru,29 12 1961
1341,Женский,29,12,1990,Пермь,pok.29@yandex.ru,29 12 1990
1342,Женский,29,11,1963,Волгоград,dg.29@yandex.ru,29 11 1963
1343,Женский,29,11,1974,Пермь,fjkhdr.29@yandex.ru,29 11 1974
1344,Мужской,29,12,1996,Пермь,vsghd.29@yandex.ru,29 12 1996
1346,Мужской,29,12,1978,Пермь,vsghd.29@yandex.ru,29 12 1978
1347,Женский,29,12,1998,Красноярск,jg.vf.29@yandex.ru,29 12 1998
1348,Мужской,29,12,1979,Москва,gthd.29@yandex.ru,29 12 1979
1349,Мужской,29,11,1991,Пермь,fdr.29@yandex.ru,29 11 1991
1350,Женский,29,12,1993,Пермь,pok.29@yandex.ru,29 12 1993
1351,Женский,29,11,1980,Сочи,hfgdk/urb.29@yandex.ru,29 11 1980
1353,Женский,29,11,1998,Пермь,pav.29@yandex.ru,29 11 1998
1354,Мужской,29,11,1970,Пермь,pav.29@yandex.ru,29 11 1970
1355,Женский,29,12,1970,Москва,ngdfxn.29@yandex.ru,29 12 1970
1356,Женский,29,11,1990,Сочи,hfgdk/urb.29@yandex.ru,29 11 1990
1357,Мужской,29,11,1973,Волгоград,hfyf.29@yandex.ru,29 11 1973
1360,Мужской,29,12,1975,Волгоград,hdg.29@yandex.ru,29 12 1975
1362,Мужской,29,11,1979,Пермь,pav.29@yandex.ru,29 11 1979
1363,Мужской,29,11,1987,Москва,sgsg.29@yandex.ru,29 11 1987
1366,Мужской,29,11,1961,Волгоград,mfl.29@yandex.ru,29 11 1961
1367,Мужской,29,11,1968,Москва,sgsg.29@yandex.ru,29 11 1968
1369,Женский,29,12,1981,Волгоград,hdg.29@yandex.ru,29 12 1981
1370,Женский,29,12,1985,Волгоград,mfl.29@yandex.ru,29 12 1985
1371,Женский,29,12,1961,Волгоград,hfyf.29@yandex.ru,29 12 1961
1373,Женский,29,12,1968,Волгоград,hfyf.29@ya.ru,29 12 1968
1375,Женский,29,11,1969,Пермь,vsghd.29@ya.ru,29 11 1969
1377,Мужской,29,11,1975,Волгоград,hdg.29@ya.ru,29 11 1975
1380,Мужской,29,12,1989,Пермь,vsghd.29@rambler.ru,29 12 1989
1381,Мужской,29,11,1964,Пермь,pok.29@rambler.ru,29 11 1964
1383,Женский,29,11,1965,Волгоград,vol.29@rambler.ru,29 11 1965
1384,Мужской,29,11,1966,Москва,ngdfxn.29@rambler.ru,29 11 1966
1385,Мужской,29,11,1971,Пермь,pok.29@rambler.ru,29 11 1971
1386,Мужской,29,12,1996,Москва,ngdfxn.29@rambler.ru,29 12 1996
1388,Женский,29,12,1996,Пермь,vsghd.29@rambler.ru,29 12 1996
1389,Мужской,29,12,1961,Пермь,pav.29@rambler.ru,29 12 1961
1391,Мужской,29,11,1970,Волгоград,dg.29@rambler.ru,29 11 1970
1392,Женский,29,11,1982,Москва,sgsg.29@rambler.ru,29 11 1982
1393,Мужской,29,11,1971,Красноярск,jg.vf.29@rambler.ru,29 11 1971
1397,Женский,29,12,1993,Пермь,fdr.29@rambler.ru,29 12 1993
1398,Мужской,29,12,1970,Пермь,pav.29@rambler.ru,29 12 1970
1399,Мужской,29,12,1972,Волгоград,mfl.29@rambler.ru,29 12 1972
1421,Женский,29,12,1980,Пермь,vsghd.29@gmail.com,29 12 1980
1422,Мужской,29,12,1979,Москва,ngdfxn.29@gmail.com,29 12 1979
1423,Женский,29,11,1988,Москва,sgsg.29@gmail.com,29 11 1988
1424,Мужской,29,11,1980,Волгоград,dg.29@gmail.com,29 11 1980
1426,Мужской,29,11,1982,Волгоград,hfyf.29@gmail.com,29 11 1982
1428,Женский,29,12,1975,Волгоград,mfl.29@gmail.com,29 12 1975
1431,Женский,29,11,1975,Севастополь,qu.29@gmail.com,29 11 1975
1432,Мужской,29,12,1978,Пермь,pav.29@gmail.com,29 12 1978
1434,Мужской,29,11,1971,Сочи,hfgdk/urb.29@gmail.com,29 11 1971
1526,Женский,30,12,1970,Волгоград,hdg.30@gmail.com,30 12 1970
1528,Мужской,30,12,1962,Пермь,fjkhdr.30@gmail.com,30 12 1962
1529,Женский,30,12,1980,Волгоград,mfl.30@gmail.com,30 12 1980
1531,Женский,30,12,1979,Москва,sgsg.30@gmail.com,30 12 1979
1532,Женский,30,12,1973,Волгоград,dg.30@gmail.com,30 12 1973
1533,Мужской,30,12,1994,Волгоград,hdg.30@gmail.com,30 12 1994
1534,Женский,30,12,1990,Волгоград,hdg.30@gmail.com,30 12 1990
1535,Женский,30,12,2000,Пермь,pok.30@gmail.com,30 12 2000
1536,Женский,30,12,1971,Пермь,pav.30@gmail.com,30 12 1971
1538,Женский,30,12,1966,Волгоград,mfl.30@gmail.com,30 12 1966
1539,Мужской,30,12,1974,Волгоград,dg.30@gmail.com,30 12 1974
1541,Мужской,30,12,1970,Москва,gthd.30@gmail.com,30 12 1970
1542,Мужской,30,12,1980,Волгоград,mfl.30@gmail.com,30 12 1980
1543,Женский,30,12,1998,Волгоград,hdg.30@gmail.com,30 12 1998
1544,Женский,30,12,1982,Пермь,fjkhdr.30@gmail.com,30 12 1982
1547,Женский,30,12,1971,Волгоград,dg.30@gmail.com,30 12 1971
1548,Мужской,30,12,1993,Пермь,pav.30@gmail.com,30 12 1993
1552,Мужской,30,12,1966,Волгоград,mfl.30@gmail.com,30 12 1966
1553,Мужской,30,12,1994,Москва,ngdfxn.30@gmail.com,30 12 1994
1554,Мужской,30,12,1975,Москва,sgsg.30@gmail.com,30 12 1975
1555,Женский,30,12,1992,Москва,gthd.30@gmail.com,30 12 1992
1556,Женский,30,12,1984,Волгоград,hdg.30@gmail.com,30 12 1984
1560,Женский,30,12,1977,Волгоград,hfyf.30@gmail.com,30 12 1977
1561,Женский,30,12,1965,Волгоград,dg.30@gmail.com,30 12 1965
1562,Мужской,30,12,1992,Волгоград,hfyf.30@gmail.com,30 12 1992
1563,Мужской,30,12,1973,Москва,ngdfxn.30@gmail.com,30 12 1973
1565,Мужской,30,12,1985,Пермь,pav.30@gmail.com,30 12 1985
1566,Женский,30,12,1991,Волгоград,dg.30@gmail.com,30 12 1991
1567,Мужской,30,12,1992,Пермь,vsghd.30@gmail.com,30 12 1992
1568,Женский,30,12,1981,Москва,sgsg.30@gmail.com,30 12 1981
1570,Женский,30,12,1983,Пермь,vsghd.30@gmail.com,30 12 1983
1571,Женский,30,12,1974,Москва,ngdfxn.30@gmail.com,30 12 1974
1573,Мужской,30,12,1986,Пермь,pav.30@gmail.com,30 12 1986
1574,Женский,30,12,1973,Волгоград,hfyf.30@gmail.com,30 12 1973
1575,Женский,30,12,1971,Пермь,fjkhdr.30@gmail.com,30 12 1971
1578,Мужской,30,12,1986,Волгоград,hfyf.30@gmail.com,30 12 1986
1579,Мужской,30,12,1996,Пермь,fjkhdr.30@gmail.com,30 12 1996
1580,Женский,30,12,1979,Москва,ngdfxn.30@gmail.com,30 12 1979
1581,Мужской,30,12,1996,Красноярск,jg.vf.30@yandex.ru,30 12 1996
1582,Мужской,30,12,1975,Пермь,vsghd.30@yandex.ru,30 12 1975
1583,Мужской,30,12,1979,Пермь,pok.30@yandex.ru,30 12 1979
1584,Мужской,30,12,1998,Волгоград,mfl.30@yandex.ru,30 12 1998
1585,Мужской,30,12,1998,Волгоград,hfyf.30@yandex.ru,30 12 1998
1586,Мужской,30,12,1965,Волгоград,mfl.30@yandex.ru,30 12 1965
1588,Женский,30,12,1977,Красноярск,jg.vf.30@yandex.ru,30 12 1977
1589,Мужской,30,12,1993,Сочи,hfgdk/urb.30@yandex.ru,30 12 1993
1590,Женский,30,12,1972,Пермь,pok.30@yandex.ru,30 12 1972
1591,Мужской,30,12,1979,Пермь,fjkhdr.30@yandex.ru,30 12 1979
1592,Женский,30,12,1979,Москва,sgsg.30@yandex.ru,30 12 1979
1593,Мужской,30,12,1980,Волгоград,mfl.30@yandex.ru,30 12 1980
1594,Мужской,30,12,1961,Пермь,pav.30@yandex.ru,30 12 1961
1597,Женский,30,12,1991,Красноярск,jg.vf.30@yandex.ru,30 12 1991
1599,Мужской,30,12,1973,Волгоград,dg.30@yandex.ru,30 12 1973
1600,Мужской,30,12,1986,Пермь,vsghd.30@yandex.ru,30 12 1986
1603,Женский,30,12,1990,Москва,sgsg.30@yandex.ru,30 12 1990
1604,Женский,30,12,1994,Волгоград,mfl.30@yandex.ru,30 12 1994
1605,Мужской,30,12,1999,Красноярск,jg.vf.30@yandex.ru,30 12 1999
1607,Мужской,30,12,1986,Сочи,hfgdk/urb.30@yandex.ru,30 12 1986
1608,Мужской,30,12,1991,Севастополь,qu.30@yandex.ru,30 12 1991
1610,Женский,30,12,1973,Москва,ngdfxn.30@yandex.ru,30 12 1973
1612,Женский,30,12,1986,Пермь,pav.30@yandex.ru,30 12 1986
1613,Мужской,30,12,1974,Пермь,fdr.30@yandex.ru,30 12 1974
1614,Мужской,30,12,1972,Волгоград,vol.30@yandex.ru,30 12 1972
1615,Женский,30,12,1969,Красноярск,jg.vf.30@yandex.ru,30 12 1969
1616,Мужской,30,12,1991,Сочи,hfgdk/urb.30@yandex.ru,30 12 1991
1618,Мужской,30,12,1975,Пермь,pav.30@yandex.ru,30 12 1975
1619,Женский,30,12,1980,Волгоград,mfl.30@ya.ru,30 12 1980
1620,Женский,30,12,1986,Волгоград,dg.30@ya.ru,30 12 1986
1622,Мужской,30,12,1979,Севастополь,qu.30@rambler.ru,30 12 1979
1624,Мужской,30,12,1961,Сочи,hfgdk/urb.30@rambler.ru,30 12 1961
1625,Мужской,30,12,1990,Волгоград,hdg.30@rambler.ru,30 12 1990
1626,Женский,30,12,1961,Волгоград,hfyf.30@rambler.ru,30 12 1961
1627,Женский,30,12,1975,Волгоград,mfl.30@rambler.ru,30 12 1975
1628,Мужской,30,12,1963,Сочи,hfgdk/urb.30@rambler.ru,30 12 1963
1629,Женский,30,12,1983,Волгоград,hdg.30@rambler.ru,30 12 1983
1630,Мужской,30,12,1968,Пермь,vsghd.30@rambler.ru,30 12 1968
1631,Женский,30,12,1966,Красноярск,jg.vf.30@rambler.ru,30 12 1966
1633,Мужской,30,12,1988,Севастополь,qu.30@rambler.ru,30 12 1988
1635,Женский,30,12,1968,Волгоград,mfl.30@rambler.ru,30 12 1968
1636,Мужской,30,12,1967,Пермь,fdr.30@rambler.ru,30 12 1967
1637,Женский,30,12,1969,Волгоград,hdg.30@rambler.ru,30 12 1969
1640,Мужской,30,12,1982,Москва,sgsg.30@rambler.ru,30 12 1982
1641,Мужской,30,12,1975,Пермь,fdr.30@rambler.ru,30 12 1975
1642,Мужской,30,12,1994,Пермь,fdr.30@rambler.ru,30 12 1994
1643,Мужской,30,12,1988,Волгоград,hdg.30@rambler.ru,30 12 1988
1644,Женский,30,12,1992,Пермь,pav.30@rambler.ru,30 12 1992
1645,Мужской,30,12,1991,Волгоград,dg.30@rambler.ru,30 12 1991
1669,Мужской,30,12,1994,Пермь,fdr.30@gmail.com,30 12 1994
1673,Женский,30,12,1962,Пермь,pok.30@gmail.com,30 12 1962
1674,Мужской,30,12,1995,Пермь,pok.30@gmail.com,30 12 1995
1675,Мужской,30,12,1963,Пермь,fjkhdr.30@gmail.com,30 12 1963
1676,Мужской,30,12,1997,Красноярск,jg.vf.30@gmail.com,30 12 1997
1679,Женский,30,12,1963,Москва,ngdfxn.30@gmail.com,30 12 1963
1680,Женский,30,12,1986,Красноярск,jg.vf.30@gmail.com,30 12 1986
1768,Мужской,31,12,1987,Волгоград,hfyf.31@gmail.com,31 12 1987
1769,Мужской,31,12,1980,Волгоград,vol.31@gmail.com,31 12 1980
1770,Мужской,31,12,1971,Севастополь,qu.31@gmail.com,31 12 1971
1771,Женский,31,12,1971,Пермь,fjkhdr.31@gmail.com,31 12 1971
1772,Женский,31,12,1976,Волгоград,hfyf.31@gmail.com,31 12 1976
1773,Женский,31,12,1964,Сочи,hfgdk/urb.31@gmail.com,31 12 1964
1774,Мужской,31,12,1995,Волгоград,hdg.31@gmail.com,31 12 1995
1775,Женский,31,12,1980,Пермь,fjkhdr.31@gmail.com,31 12 1980
1776,Мужской,31,12,1995,Пермь,vsghd.31@gmail.com,31 12 1995
1777,Мужской,31,12,1991,Пермь,fdr.31@gmail.com,31 12 1991
1779,Мужской,31,12,1974,Волгоград,hfyf.31@gmail.com,31 12 1974
1780,Женский,31,12,1984,Волгоград,dg.31@gmail.com,31 12 1984
1781,Женский,31,12,1972,Волгоград,hfyf.31@gmail.com,31 12 1972
1782,Женский,31,12,1982,Москва,sgsg.31@gmail.com,31 12 1982
1783,Мужской,31,12,1962,Волгоград,hdg.31@gmail.com,31 12 1962
1784,Женский,31,12,1986,Пермь,pok.31@gmail.com,31 12 1986
1785,Женский,31,12,1987,Москва,ngdfxn.31@gmail.com,31 12 1987
1787,Мужской,31,12,1970,Волгоград,vol.31@gmail.com,31 12 1970
1788,Мужской,31,12,1984,Сочи,hfgdk/urb.31@gmail.com,31 12 1984
1790,Женский,31,12,1983,Москва,ngdfxn.31@gmail.com,31 12 1983
1792,Мужской,31,12,1990,Пермь,vsghd.31@gmail.com,31 12 1990
1794,Женский,31,12,1981,Волгоград,hfyf.31@gmail.com,31 12 1981
1796,Мужской,31,12,1998,Красноярск,jg.vf.31@gmail.com,31 12 1998
1799,Женский,31,12,1987,Севастополь,qu.31@gmail.com,31 12 1987
1800,Мужской,31,12,1980,Сочи,hfgdk/urb.31@gmail.com,31 12 1980
1801,Мужской,31,12,2000,Волгоград,hfyf.31@gmail.com,31 12 2000
1805,Женский,31,12,1980,Пермь,fdr.31@gmail.com,31 12 1980
1807,Женский,31,12,1970,Волгоград,dg.31@gmail.com,31 12 1970
1808,Женский,31,12,1986,Пермь,fjkhdr.31@gmail.com,31 12 1986
1809,Мужской,31,12,1975,Пермь,fdr.31@gmail.com,31 12 1975
1810,Женский,31,12,1979,Волгоград,hfyf.31@gmail.com,31 12 1979
1812,Мужской,31,12,2000,Москва,gthd.31@gmail.com,31 12 2000
1813,Женский,31,12,1977,Пермь,fjkhdr.31@gmail.com,31 12 1977
1814,Мужской,31,12,1990,Волгоград,vol.31@gmail.com,31 12 1990
1817,Женский,31,12,1987,Москва,ngdfxn.31@gmail.com,31 12 1987
1821,Мужской,31,12,1994,Москва,ngdfxn.31@gmail.com,31 12 1994
1822,Мужской,31,12,1990,Москва,ngdfxn.31@gmail.com,31 12 1990
1823,Мужской,31,12,1980,Пермь,fdr.31@yandex.ru,31 12 1980
1824,Женский,31,12,1977,Волгоград,vol.31@yandex.ru,31 12 1977
1825,Мужской,31,12,1975,Сочи,hfgdk/urb.31@yandex.ru,31 12 1975
1828,Мужской,31,12,1964,Волгоград,vol.31@yandex.ru,31 12 1964
1829,Женский,31,12,1970,Волгоград,mfl.31@yandex.ru,31 12 1970
1830,Мужской,31,12,1988,Волгоград,vol.31@yandex.ru,31 12 1988
1831,Мужской,31,12,1962,Волгоград,hdg.31@yandex.ru,31 12 1962
1832,Мужской,31,12,1986,Пермь,fjkhdr.31@yandex.ru,31 12 1986
1833,Мужской,31,12,1994,Волгоград,hfyf.31@yandex.ru,31 12 1994
1836,Мужской,31,12,1962,Москва,ngdfxn.31@yandex.ru,31 12 1962
1837,Женский,31,12,1968,Волгоград,hdg.31@yandex.ru,31 12 1968
1838,Женский,31,12,1999,Москва,sgsg.31@yandex.ru,31 12 1999
1839,Мужской,31,12,1987,Москва,gthd.31@yandex.ru,31 12 1987
1840,Мужской,31,12,1962,Пермь,pav.31@yandex.ru,31 12 1962
1841,Мужской,31,12,1986,Волгоград,hdg.31@yandex.ru,31 12 1986
1845,Мужской,31,12,1975,Волгоград,dg.31@yandex.ru,31 12 1975
1847,Женский,31,12,1990,Волгоград,mfl.31@yandex.ru,31 12 1990
1848,Мужской,31,12,1968,Пермь,pok.31@yandex.ru,31 12 1968
1849,Мужской,31,12,1997,Пермь,pav.31@yandex.ru,31 12 1997
1850,Женский,31,12,1989,Пермь,fdr.31@yandex.ru,31 12 1989
1851,Мужской,31,12,1983,Москва,sgsg.31@yandex.ru,31 12 1983
1852,Женский,31,12,1987,Москва,gthd.31@yandex.ru,31 12 1987
1853,Женский,31,12,1978,Волгоград,vol.31@yandex.ru,31 12 1978
1854,Мужской,31,12,1962,Севастополь,qu.31@yandex.ru,31 12 1962
1856,Мужской,31,12,1975,Пермь,fjkhdr.31@yandex.ru,31 12 1975
1857,Мужской,31,12,1981,Москва,ngdfxn.31@ya.ru,31 12 1981
1858,Мужской,31,12,1995,Пермь,fdr.31@ya.ru,31 12 1995
1859,Мужской,31,12,1962,Пермь,fjkhdr.31@ya.ru,31 12 1962
1860,Мужской,31,12,1995,Москва,gthd.31@ya.ru,31 12 1995
1861,Женский,31,12,1980,Москва,gthd.31@rambler.ru,31 12 1980
1862,Мужской,31,12,1968,Пермь,fjkhdr.31@rambler.ru,31 12 1968
1865,Мужской,31,12,1984,Пермь,pav.31@rambler.ru,31 12 1984
1866,Женский,31,12,2000,Москва,ngdfxn.31@rambler.ru,31 12 2000
1867,Мужской,31,12,1989,Волгоград,mfl.31@rambler.ru,31 12 1989
1868,Мужской,31,12,1989,Пермь,vsghd.31@rambler.ru,31 12 1989
1869,Женский,31,12,1970,Севастополь,qu.31@rambler.ru,31 12 1970
1870,Мужской,31,12,1988,Сочи,hfgdk/urb.31@rambler.ru,31 12 1988
1872,Мужской,31,12,1984,Севастополь,qu.31@rambler.ru,31 12 1984
1873,Женский,31,12,1997,Волгоград,mfl.31@rambler.ru,31 12 1997
1874,Женский,31,12,1972,Севастополь,qu.31@rambler.ru,31 12 1972
1875,Мужской,31,12,1977,Пермь,pav.31@rambler.ru,31 12 1977
1876,Женский,31,12,1968,Пермь,fdr.31@rambler.ru,31 12 1968
1877,Женский,31,12,1990,Севастополь,qu.31@rambler.ru,31 12 1990
1879,Мужской,31,12,1967,Пермь,fjkhdr.31@rambler.ru,31 12 1967
1904,Мужской,31,12,1995,Пермь,pok.31@gmail.com,31 12 1995
1905,Мужской,31,12,1992,Москва,gthd.31@gmail.com,31 12 1992
1907,Женский,31,12,1970,Волгоград,vol.31@gmail.com,31 12 1970
1909,Женский,31,12,1992,Севастополь,qu.31@gmail.com,31 12 1992
1911,Мужской,31,12,1966,Волгоград,mfl.31@gmail.com,31 12 1966
1914,Мужской,31,12,1969,Волгоград,hfyf.31@gmail.com,31 12 1969
1916,Мужской,31,12,1978,Сочи,hfgdk/urb.31@gmail.com,31 12 1978
